Average tp,Average TCP Retrans
1868.9121689161018,82030362737.48302
42347.215963596114,82017148993.3885
41465.073369565216,82183395740.28378
